City,Cloudiness,Country,Date,Humidity,Lat,Lng,Max Temp,Wind Speed
Sabang,82,PH,1561615905,93,13.8,121.11,77.81,7.9
Barrow,96,AR,1561615905,42,-38.31,-60.23,47.93,14.25
Ushuaia,75,AR,1561615906,100,-54.81,-68.31,28.4,24.16
Hilo,90,US,1561615681,74,19.71,-155.08,80.6,9.17
Inhambane,40,MZ,1561615906,88,-23.87,35.38,68.0,2.33
Ponta do Sol,69,BR,1561615906,63,-20.63,-46.0,61.97,3.06
The Valley,20,AI,1561615676,78,18.22,-63.06,81.0,4.7
Punta Arenas,75,CL,1561615906,68,-53.16,-70.91,30.2,13.87
Mao,40,DO,1561615907,94,19.55,-71.08,79.0,4.7
Pangnirtung,1,CA,1561615907,72,66.15,-65.72,44.51,2.37
Chokurdakh,0,RU,1561615907,33,70.62,147.9,66.11,15.5
Hobart,0,AU,1561615676,54,-42.88,147.33,55.4,6.93
Ossora,40,RU,1561615907,54,59.24,163.07,58.01,6.08
Tripoli,0,GR,1561615907,73,37.51,22.37,80.01,4.61
Saint George,20,GR,1561615908,51,39.45,22.34,84.2,9.17
Pasighat,100,IN,1561615908,99,28.06,95.33,71.15,4.07
Albany,20,US,1561615685,93,42.65,-73.75,66.99,4.27
Kitimat,75,CA,1561615908,77,54.02,-128.69,62.6,2.24
Ribeira Grande,75,PT,1561615908,68,38.52,-28.7,64.4,10.29
Norman Wells,40,CA,1561615909,62,65.28,-126.83,55.4,2.24
Cubara,100,CO,1561615909,90,7.0,-72.11,43.07,3.36
Vaini,75,IN,1561615909,88,15.34,74.49,75.2,6.93
Agadir,20,MA,1561615880,88,30.42,-9.58,62.6,17.56
Ruteng,0,ID,1561615909,51,-8.61,120.46,83.03,4.74
Torbay,20,CA,1561615910,81,47.66,-52.73,46.4,0.65
Hithadhoo,31,MV,1561615910,71,-0.6,73.08,83.75,6.11
Tateyama,75,JP,1561615910,65,36.66,137.31,82.4,8.05
Palu,33,ID,1561615910,68,-0.9,119.87,84.65,5.77
Port Alfred,0,ZA,1561615910,83,-33.59,26.89,57.0,3.0
Raikot,0,IN,1561615911,17,30.65,75.6,109.13,12.44
Dashitou,0,CN,1561615911,44,43.3,128.5,83.21,10.38
Puerto Ayora,1,EC,1561615911,86,-0.74,-90.35,72.23,10.74
Clyde River,90,CA,1561615911,100,70.47,-68.59,30.2,3.36
Paamiut,100,GL,1561615911,100,61.99,-49.67,40.19,6.96
Egvekinot,100,RU,1561615911,90,66.32,-179.17,39.83,4.25
Vestmannaeyjar,98,IS,1561615912,96,63.44,-20.27,52.61,13.0
Hermanus,22,ZA,1561615912,98,-34.42,19.24,55.0,1.01
Provideniya,90,RU,1561615672,87,64.42,-173.23,51.8,8.95
Vila Franca do Campo,20,PT,1561615912,72,37.72,-25.43,62.6,11.41
New Norfolk,0,AU,1561615912,54,-42.78,147.06,55.4,6.93
Matucana,0,PE,1561615912,63,-11.84,-76.39,48.65,0.81
Moron,20,HT,1561615913,82,18.56,-74.26,79.25,5.28
Rikitea,0,PF,1561615913,82,-23.12,-134.97,74.21,12.19
Mataura,17,NZ,1561615637,85,-46.19,168.86,51.01,4.0
Lasa,40,CY,1561615913,74,34.92,32.53,82.99,10.29
Port Hawkesbury,100,CA,1561615913,93,45.62,-61.36,53.01,5.82
Almaznyy,0,RU,1561615913,34,48.03,40.04,78.8,4.47
Sri Aman,75,MY,1561615914,75,1.24,111.46,89.6,2.24
Bambous Virieux,75,MU,1561615914,83,-20.34,57.76,75.99,14.99
Saskylakh,35,RU,1561615629,32,71.97,114.09,63.41,14.38
Acajutla,99,SV,1561615635,75,13.59,-89.83,83.39,7.27
Nantucket,1,US,1561615914,93,41.28,-70.1,64.99,4.43
Lebu,61,ET,1561615914,68,8.96,38.73,63.77,2.28
San Ramon,91,NI,1561615915,95,12.92,-85.84,66.29,5.23
Busselton,41,AU,1561615915,47,-33.64,115.35,57.0,28.48
Touros,20,BR,1561615915,94,-5.2,-35.46,73.4,4.7
Kambove,0,CD,1561615624,66,-10.88,26.6,56.57,8.37
Kavieng,73,PG,1561615915,73,-2.57,150.8,85.01,11.9
Kruisfontein,0,ZA,1561615916,78,-34.0,24.73,52.25,7.61
Bluff,50,AU,1561615916,54,-23.58,149.07,72.41,15.9
Bathsheba,40,BB,1561615648,74,13.22,-59.52,80.6,23.04
Longyearbyen,75,NO,1561615916,96,78.22,15.63,37.4,19.46
Bethel,90,US,1561615669,72,60.79,-161.76,66.2,10.29
Souillac,0,FR,1561615916,68,45.6,-0.6,77.0,6.93
Qaanaaq,0,GL,1561615640,75,77.48,-69.36,31.55,1.79
Padang,11,ID,1561615917,72,-0.92,100.36,83.03,6.93
Atuona,5,PF,1561615917,75,-9.8,-139.03,80.69,17.67
Bredasdorp,6,ZA,1561615917,93,-34.53,20.04,45.0,3.36
Rawicz,20,PL,1561615917,64,51.61,16.87,73.4,13.87
Klaksvik,75,FO,1561615701,100,62.23,-6.59,50.0,9.17
Verkhnyaya Inta,100,RU,1561615918,83,65.99,60.32,51.35,8.86
Saint-Philippe,40,CA,1561615918,88,45.36,-73.48,69.01,2.24
Mahebourg,75,MU,1561615675,83,-20.41,57.7,75.99,14.99
Tasiilaq,99,GL,1561615630,87,65.61,-37.64,44.6,1.12
Kapaa,75,US,1561615769,83,22.08,-159.32,78.8,4.7
Chuy,2,UY,1561615918,80,-33.69,-53.46,43.25,9.15
Susanville,1,US,1561615918,46,40.42,-120.65,54.0,8.05
Bubaque,100,GW,1561615919,80,11.28,-15.83,79.97,12.55
Jamestown,0,AU,1561615919,49,-33.21,138.6,65.57,13.62
Port Blair,90,IN,1561615919,83,11.67,92.75,84.2,4.7
Monte Patria,100,CL,1561615919,41,-30.69,-70.96,52.97,2.35
Esso,97,RU,1561615920,63,55.93,158.7,49.19,7.61
Vestmanna,83,FO,1561615920,100,62.16,-7.17,50.0,9.17
Isangel,90,VU,1561615718,88,-19.55,169.27,78.8,4.7
Najran,0,SA,1561615920,15,17.54,44.22,93.2,4.7
Butaritari,1,KI,1561615920,77,3.07,172.79,83.39,15.61
East London,0,ZA,1561615920,67,-33.02,27.91,59.0,13.87
Oktyabrskoye,0,RU,1561615921,44,56.73,85.44,79.0,11.18
Warrnambool,0,AU,1561615921,62,-38.38,142.48,61.0,11.01
Ocean Springs,40,US,1561615921,78,30.41,-88.83,81.0,4.88
Vitim,0,RU,1561615921,28,59.44,112.57,82.31,10.71
Arraial do Cabo,15,BR,1561615921,78,-22.97,-42.02,74.39,2.33
Mount Isa,63,AU,1561615922,29,-20.73,139.49,78.8,6.93
Christchurch,0,NZ,1561615734,86,-43.53,172.64,48.0,6.93
Ilhabela,94,BR,1561615814,87,-23.78,-45.36,72.95,4.65
Lac du Bonnet,0,CA,1561615922,73,50.25,-96.06,61.0,5.28
Praia da Vitoria,40,PT,1561615758,77,38.73,-27.07,62.6,14.88
Appleton,1,US,1561615922,63,44.26,-88.41,66.2,4.7
Calabozo,7,VE,1561615923,91,8.92,-67.43,72.59,5.57
Caravelas,6,BR,1561615923,87,-17.73,-39.27,71.87,4.23
Oriximina,66,BR,1561615923,84,-1.77,-55.87,76.91,5.88
Sobolevo,100,RU,1561615923,95,54.43,31.9,68.63,8.34
Thessalon,1,CA,1561615923,72,46.26,-83.55,62.6,0.89
Nenjiang,100,CN,1561615924,95,49.17,125.23,56.21,18.57
Saint-Francois,0,FR,1561615924,93,46.42,3.91,66.2,3.71
Yellowknife,75,CA,1561615665,81,62.45,-114.38,50.0,14.99
Georgetown,20,GY,1561615676,100,6.8,-58.16,73.4,4.7
Polis,40,CY,1561615925,74,35.04,32.42,82.99,10.29
Trat,75,TH,1561615925,74,12.25,102.51,89.01,5.82
Castro,75,CL,1561615925,93,-42.48,-73.76,46.4,11.41
Porto Novo,75,BR,1561615925,93,-23.68,-45.44,64.4,8.05
Adrar,0,DZ,1561615638,9,27.87,-0.29,82.4,5.82
Thompson,40,CA,1561615926,100,55.74,-97.86,48.2,3.36
Morgan City,64,US,1561615926,94,29.7,-91.21,82.0,2.59
Road Town,1,VG,1561615926,78,18.42,-64.62,81.0,10.29
Port Hardy,75,CA,1561615926,87,50.7,-127.42,55.4,5.66
Merauke,15,ID,1561615927,84,-8.49,140.4,78.17,22.95
Wattegama,43,LK,1561615927,53,7.35,80.68,87.71,10.33
Northam,75,AU,1561615927,87,-31.65,116.67,55.4,18.34
Baykit,81,RU,1561615927,30,61.68,96.39,81.23,5.79
Narsaq,100,GL,1561615927,93,60.91,-46.05,46.4,8.05
Mokrousovo,46,RU,1561615928,60,55.81,66.77,59.81,8.05
Ankara,0,TR,1561615840,50,39.92,32.85,77.0,5.82
Ratnagiri,82,IN,1561615863,81,16.98,73.3,83.75,21.94
Preston,0,GB,1561615928,93,53.76,-2.71,59.0,8.05
Lodja,75,CD,1561615928,81,-3.52,23.6,73.49,3.38
Svetlaya,100,RU,1561615925,82,46.54,138.33,47.93,3.83
Jonesboro,20,US,1561615838,88,35.84,-90.7,72.0,3.36
Kodiak,1,US,1561615673,56,39.95,-94.76,77.0,8.05
Kampot,75,KH,1561615719,79,10.62,104.18,84.2,9.17
Yulara,2,AU,1561615727,15,-25.24,130.99,71.6,6.93
Avarua,11,CK,1561615929,69,-21.21,-159.78,73.4,3.36
Newport,40,US,1561615929,93,41.49,-71.31,68.0,6.93
Telimele,100,GN,1561615929,98,10.9,-13.03,70.43,3.18
Dikson,84,RU,1561615930,96,73.51,80.55,34.07,13.62
Santa Flavia,17,CL,1561615930,83,-51.55,-72.35,24.35,2.71
Vostok,100,RU,1561615930,98,46.45,135.83,57.47,4.05
Kalino,0,BG,1561615930,67,43.47,26.98,72.05,4.45
Pevek,66,RU,1561615634,74,69.7,170.27,36.59,26.6
Lincoln,75,GB,1561615931,87,53.23,-0.54,54.0,11.41
Wiarton,20,CA,1561615931,87,44.74,-81.13,61.0,3.36
Ust-Ilimsk,7,RU,1561615931,28,57.96,102.73,83.57,11.05
Nouadhibou,0,MR,1561615651,68,20.93,-17.03,71.6,23.04
Takoradi,98,GH,1561615931,94,4.89,-1.75,73.13,3.38
Sao Filipe,0,CV,1561615931,83,14.9,-24.5,74.21,29.06
Constitucion,5,MX,1561615932,60,23.99,-104.67,70.0,5.99
Kasongo-Lunda,6,CD,1561615932,62,-6.48,16.82,63.59,1.86
Pacific Grove,20,US,1561615932,82,36.62,-121.92,61.0,4.7
Khatanga,22,RU,1561615639,28,71.98,102.47,60.35,4.81
Upernavik,12,GL,1561615932,90,72.79,-56.15,32.81,9.66
Nemuro,75,JP,1561615932,72,43.32,145.57,68.0,12.75
Dingle,100,PH,1561615933,82,11.0,122.67,79.97,6.98
Grand Gaube,75,MU,1561615933,83,-20.01,57.66,75.99,14.99
Estacion Coahuila,1,MX,1561615933,24,32.19,-115.0,80.6,11.41
Carnarvon,0,ZA,1561615933,44,-30.97,22.13,38.93,10.22
Port Elizabeth,1,US,1561615933,88,39.31,-74.98,75.99,4.7
Mar del Plata,84,AR,1561615934,68,-46.43,-67.52,32.45,13.73
San Javier,0,BR,1561615934,87,-27.87,-55.13,39.11,4.38
Bratsk,22,RU,1561615934,41,56.15,101.63,78.8,11.18
Farah,0,AF,1561615934,5,32.37,62.11,99.23,10.11
Guacimo,100,CO,1561615935,98,8.09,-76.36,72.95,2.44
Eyl,39,SO,1561615935,47,7.98,49.82,84.83,31.9
Tashtagol,0,RU,1561615935,29,52.76,87.85,83.75,3.0
Lewiston,90,US,1561615915,100,44.1,-70.21,63.0,9.17
Oranjemund,0,ZA,1561615853,74,-28.55,16.43,55.31,7.02
Sijunjung,17,ID,1561615936,46,-0.69,100.95,86.09,1.83
Huarmey,14,PE,1561615936,88,-10.07,-78.15,62.87,13.58
Taybad,0,IR,1561615936,10,34.74,60.78,89.33,22.5
Matara,78,BI,1561615660,81,-3.48,29.48,56.57,2.33
Tuusula,75,FI,1561615936,100,60.4,25.02,57.99,4.7
Naze,100,NG,1561615936,98,5.43,7.07,72.41,2.21
Tuktoyaktuk,90,CA,1561615937,80,69.44,-133.03,41.0,12.75
Nikolskoye,75,RU,1561615680,87,59.7,30.79,64.99,6.71
Ancud,75,CL,1561615937,93,-41.87,-73.83,46.4,11.41
Cape Town,0,ZA,1561615902,93,-33.93,18.42,59.0,10.29
Saint-Pierre,0,FR,1561615937,88,48.95,4.24,75.99,11.41
Mount Gambier,33,AU,1561615937,55,-37.83,140.78,64.4,16.11
Khani,75,GE,1561615938,83,41.96,42.96,75.2,4.7
Basco,1,US,1561615938,88,40.33,-91.2,75.0,6.93
Esperance,40,AU,1561615938,55,-33.86,121.89,62.6,19.46
Cabo San Lucas,5,MX,1561615938,32,22.89,-109.91,86.0,4.7
Noumea,75,NC,1561615686,88,-22.28,166.46,69.8,10.29
Sarai,75,IN,1561615938,79,25.78,85.28,86.0,4.7
Pedra Branca,34,BR,1561615939,92,-5.46,-39.72,69.17,6.35
Madaras,0,RS,1561615939,77,46.06,19.26,76.73,5.64
Moanda,40,CD,1561615939,94,-5.93,12.38,68.0,13.51
Kununurra,69,AU,1561615939,10,-15.77,128.74,84.2,11.41
Halifax,90,CA,1561615908,100,44.65,-63.58,57.99,12.75
Yar-Sale,66,RU,1561615940,56,66.83,70.83,52.25,9.66
Saint Anthony,1,US,1561615940,48,43.97,-111.68,66.2,6.93
Lagoa,0,PT,1561615940,87,37.14,-8.45,62.01,4.7
Manokwari,100,ID,1561615941,84,-0.87,134.08,77.45,0.63
Chipoka,45,MW,1561615941,67,-13.99,34.52,67.73,10.16
Airai,50,TL,1561615941,46,-8.93,125.41,81.41,4.81
Tahoua,35,NE,1561615941,50,14.89,5.26,85.19,10.25
Shimoda,75,JP,1561615942,94,34.7,138.93,79.0,10.29
Manacapuru,0,BR,1561615820,88,-3.3,-60.62,75.2,2.24
Talnakh,0,RU,1561615942,61,69.49,88.39,46.4,13.42
Henties Bay,80,NA,1561615933,84,-22.12,14.28,57.0,3.0
Hasaki,75,JP,1561615942,69,35.73,140.83,82.4,16.11
Aloleng,100,PH,1561615942,76,16.13,119.78,84.47,15.77
Fort Nelson,90,CA,1561615943,76,58.81,-122.69,53.6,6.93
Dunedin,0,NZ,1561615720,52,-45.87,170.5,54.0,8.5
San Cristobal,99,HN,1561615943,95,14.68,-86.92,65.39,4.5
Askino,0,RU,1561615943,60,56.09,56.58,62.33,6.96
Cherskiy,82,RU,1561615943,35,68.75,161.3,64.67,19.95
Altamont,1,CA,1561615943,100,49.4,-98.5,60.8,1.81
Mufulira,0,ZM,1561615944,70,-12.55,28.24,56.75,7.85
Nieuw Amsterdam,40,SR,1561615944,94,5.88,-55.08,75.2,8.05
Hami,0,CN,1561615944,14,42.84,93.51,80.87,2.84
Akdepe,31,TM,1561615944,30,42.05,59.39,84.2,16.11
Roebourne,58,AU,1561615944,18,-20.77,117.15,83.21,4.38
Vardo,1,US,1561615945,83,39.62,-77.74,75.2,3.36
Beaverlodge,40,CA,1561615945,93,55.21,-119.43,53.6,3.36
Tautira,20,PF,1561615945,74,-17.73,-149.15,78.8,4.7
Kaka,0,TM,1561615945,9,37.35,59.62,101.21,12.93
Mahajanga,20,MG,1561615946,69,-15.72,46.32,75.2,6.93
Pontes e Lacerda,1,BR,1561615946,96,-15.23,-59.33,62.33,4.23
Bandarbeyla,28,SO,1561615946,43,9.49,50.81,88.07,30.67
Sangueya,100,GN,1561615946,88,10.7,-14.37,77.45,6.91
Sao Jose da Coroa Grande,100,BR,1561615946,97,-8.9,-35.15,70.25,1.3
Juneau,75,US,1561615947,43,58.3,-134.42,73.4,6.91
Tanout,11,NE,1561615947,41,14.97,8.88,87.17,12.8
Awjilah,0,LY,1561615705,56,29.14,21.3,80.69,11.77
Kaitangata,3,NZ,1561615650,62,-46.28,169.85,52.0,4.0
Teguldet,0,RU,1561615947,34,57.31,88.17,83.03,7.67
Klamath Falls,90,US,1561615947,57,42.22,-121.78,51.8,5.82
Coihaique,40,CL,1561615947,100,-45.58,-72.07,33.8,3.36
Koulamoutou,13,GA,1561615948,92,-1.13,12.47,67.01,1.68
Kaeo,59,NZ,1561615948,87,-35.1,173.78,55.0,7.52
Mendrisio,0,IT,1561615948,78,45.87,8.99,82.99,5.82
Santa Maria da Vitoria,26,BR,1561615948,62,-13.39,-44.19,67.91,3.02
Jacala,98,MX,1561615948,98,21.0,-99.19,62.15,5.28
Aswan,0,EG,1561615949,12,24.09,32.9,95.0,9.17
Westport,20,US,1561615683,83,41.14,-73.36,72.0,4.7
Ilulissat,1,GL,1561615949,80,69.22,-51.1,41.0,3.36
Le Port,0,FR,1561615949,22,42.87,1.37,73.99,5.41
Viseu,40,PT,1561615950,100,40.66,-7.91,62.6,1.12
Baraki Barak,0,AF,1561615950,14,33.97,68.95,67.01,5.01
Ligayan,100,PH,1561615950,77,4.65,119.47,84.47,15.41
Quang Ngai,100,VN,1561615950,45,15.12,108.8,93.65,3.0
Balkanabat,17,TM,1561615951,25,39.51,54.36,97.79,14.07
Longjiang,92,CN,1561615951,69,47.33,123.18,68.09,22.17
Marsh Harbour,0,BS,1561615913,74,26.54,-77.06,82.67,8.57
Jacmel,49,HT,1561615951,93,18.24,-72.54,78.01,5.14
Talaya,0,RU,1561615768,44,55.79,84.89,77.0,11.18
Soe,90,EE,1561615951,93,57.91,26.05,57.2,3.36
Umm Kaddadah,49,SD,1561615952,55,13.6,26.69,82.85,16.51
Lumeje,0,AO,1561615952,50,-11.56,20.78,55.85,4.97
Sunland Park,75,US,1561615952,25,31.8,-106.58,87.8,8.05
Karpathos,20,GR,1561615952,83,35.51,27.21,78.8,26.4
Miami,1,US,1561615886,78,25.77,-80.19,80.6,6.29
Yushan,40,CN,1561615953,58,31.68,118.49,86.0,6.71
Asadabad,0,IR,1561615953,27,34.78,48.12,77.0,4.7
Pangkalanbuun,26,ID,1561615953,88,-2.68,111.62,82.31,2.71
Bajil,100,ES,1561615953,92,38.23,-2.07,63.0,1.99
Pangody,92,RU,1561615953,49,65.85,74.49,53.87,15.48
Codrington,40,AU,1561615953,72,-28.95,153.24,68.0,19.46
La Macarena,15,CO,1561615954,99,2.18,-73.79,70.25,2.8
Awbari,35,LY,1561615954,24,26.59,12.77,86.09,9.69
College,75,US,1561615806,23,64.86,-147.8,77.0,5.82
Wangkui,92,CN,1561615954,67,46.83,126.5,75.65,12.15
Lethem,7,GY,1561615954,84,3.38,-59.8,75.11,10.74
Taltal,27,CL,1561615955,86,-25.41,-70.49,50.63,3.56
San Andres,100,PH,1561615955,80,13.32,122.68,82.13,13.29
La Ronge,20,CA,1561615955,87,55.1,-105.3,55.4,3.36
Shieli,78,KZ,1561615955,20,44.18,66.74,94.91,11.83
Bonfim,7,GY,1561615956,84,3.36,-59.84,75.11,10.74
Walvis Bay,90,NA,1561615956,82,-22.95,14.51,59.0,8.05
Kaura Namoda,16,NG,1561615956,80,12.59,6.58,76.01,14.32
Haines Junction,100,CA,1561615956,77,60.75,-137.51,53.87,3.83
Pisco,75,PE,1561615956,87,-13.71,-76.2,62.01,1.12
Rocha,11,UY,1561615957,74,-34.48,-54.34,41.63,7.74
Portland,90,US,1561615814,87,43.66,-70.25,63.0,5.82
Kavaratti,90,IN,1561615957,74,10.57,72.64,83.57,15.77
Sioux Lookout,20,CA,1561615957,82,50.1,-91.92,62.6,5.82
Fernie,90,CA,1561615958,45,49.5,-115.06,66.2,14.99
Rio Brilhante,1,BR,1561615958,94,-21.8,-54.54,56.75,3.87
Sept-Iles,90,CA,1561615724,100,50.2,-66.38,55.0,9.17
Kudahuvadhoo,62,MV,1561615959,71,2.67,72.89,83.03,1.79
Raudeberg,40,NO,1561615959,71,61.99,5.14,55.4,4.7
Samarai,65,PG,1561615959,83,-10.62,150.67,78.71,6.62
Calatayud,93,ES,1561615869,63,41.35,-1.64,72.0,8.39
Baghmara,90,IN,1561615934,34,23.8,86.21,101.93,12.77
Port Augusta,0,AU,1561615711,38,-32.49,137.76,73.4,19.46
Buchanan,75,LR,1561615960,94,5.88,-10.05,75.2,7.29
Namibe,19,AO,1561615960,79,-15.19,12.15,63.95,8.21
Carlyle,1,CA,1561615960,67,49.63,-102.27,62.6,5.82
Mareeba,97,AU,1561615961,57,-16.99,145.42,78.8,18.34
Dongsheng,73,CN,1561615961,54,29.72,112.52,90.41,6.98
Sulangan,100,PH,1561615961,69,11.14,123.72,85.37,2.42
Palmer,0,AU,1561615961,35,-34.85,139.16,71.6,18.34
Jalu,0,LY,1561615961,52,29.03,21.55,83.21,11.52
Mandalgovi,61,MN,1561615764,49,45.76,106.27,57.65,8.5
Te Anau,0,NZ,1561615962,78,-45.41,167.72,46.31,5.64
Kadoma,75,JP,1561615962,94,34.73,135.6,78.01,8.05
Ivankiv,0,UA,1561615962,50,50.93,29.9,77.0,15.66
Tura,73,RU,1561615685,37,64.27,100.22,81.05,5.19
Sur,64,OM,1561615963,38,22.57,59.53,96.71,9.31
Saldanha,0,PT,1561615963,73,41.42,-6.55,63.95,1.92
Thinadhoo,40,MV,1561615963,69,0.53,72.93,84.29,5.93
Okhotsk,43,RU,1561615963,33,59.36,143.24,77.81,15.19
Copiapo,0,CL,1561615808,87,-27.37,-70.33,51.8,3.36
Erie,1,US,1561615963,77,42.13,-80.09,66.2,1.41
Bannu,0,PK,1561615964,25,32.99,70.6,98.51,13.13
Abalak,50,NE,1561615964,50,15.46,6.28,85.73,10.67
Bonthe,56,SL,1561615964,91,7.53,-12.5,76.19,5.91
Espinosa,2,BR,1561615964,85,-14.92,-42.81,63.05,8.72
Kokopo,100,PG,1561615964,89,-4.34,152.27,80.51,1.03
Berdigestyakh,0,RU,1561615965,32,62.1,126.7,80.51,1.39
Zhanaozen,77,KZ,1561615965,18,43.35,52.85,87.35,12.57
Riyadh,0,SA,1561615796,8,24.63,46.72,100.4,2.24
Sokoto,24,NG,1561615965,64,13.06,5.24,80.51,15.5
Alice Springs,60,AU,1561615858,22,-23.7,133.88,69.8,4.7
General Roca,40,AR,1561615965,57,-39.03,-67.58,53.6,18.34
Bilibino,91,RU,1561615966,41,68.06,166.44,57.29,17.87
Gejiu,51,CN,1561615966,64,23.36,103.16,76.37,9.04
Colares,20,PT,1561615966,87,38.8,-9.45,62.01,3.36
Takapau,0,NZ,1561615966,92,-40.02,176.35,39.0,2.75
Xining,100,CN,1561615966,96,36.62,101.77,46.13,4.16
Hambantota,40,LK,1561615966,66,6.12,81.12,91.4,17.22
Winnemucca,1,US,1561615967,22,40.97,-117.74,64.99,12.75
Allen,1,US,1561615868,78,33.1,-96.67,75.99,5.82
Jimenez,100,PA,1561615967,47,8.54,-82.37,61.0,8.99
Stryn,75,NO,1561615967,81,61.9,6.72,52.0,3.36
San Luis,85,AR,1561615787,29,-33.3,-66.34,50.09,22.77
Luanda,20,AO,1561615968,93,-8.83,13.24,66.2,3.36
Sistranda,75,NO,1561615968,93,63.73,8.83,50.0,17.22
Fortuna,40,US,1561615969,93,40.6,-124.16,57.0,5.82
Taguatinga,0,BR,1561615969,72,-15.83,-48.06,60.8,1.61
Lompoc,75,US,1561615819,93,34.64,-120.46,60.01,4.7
Port Hedland,25,AU,1561615969,44,-20.31,118.58,78.8,9.17
Salalah,90,OM,1561615759,100,17.01,54.1,80.6,9.17
Kieta,100,PG,1561615969,69,-6.22,155.63,84.83,7.81
Alofi,0,NU,1561615969,78,-19.06,-169.92,73.4,12.75
Canmore,75,CA,1561615970,81,51.09,-115.35,53.6,3.36
Avera,1,US,1561615970,94,33.19,-82.53,71.6,2.04
Wuxue,29,CN,1561615970,59,29.85,115.56,89.51,6.17
Sorland,75,NO,1561615970,70,67.67,12.69,48.2,16.11
Dolores,51,UY,1561615971,76,-33.53,-58.22,45.05,14.65
Vila Velha,75,BR,1561615971,74,-3.71,-38.6,80.6,12.75
Jacareacanga,100,BR,1561615971,72,-6.22,-57.76,72.59,1.61
Prince Rupert,75,CA,1561615971,93,54.32,-130.32,55.4,5.82
Wolgast,9,DE,1561615971,75,54.05,13.77,57.99,5.99
Chon Buri,75,TH,1561615808,59,13.36,100.98,96.01,9.17
Comodoro Rivadavia,75,AR,1561615972,87,-45.87,-67.48,42.8,5.82
Angoche,24,MZ,1561615972,86,-16.23,39.91,69.71,5.39
Longyan,94,CN,1561615972,80,25.1,117.03,89.01,1.01
Bijie,96,CN,1561615972,85,27.3,105.3,73.31,2.93
Blackwater,90,GB,1561615973,82,51.33,-0.78,59.0,13.87
Cuamba,7,MZ,1561615973,70,-14.8,36.54,62.69,7.14
Faanui,0,PF,1561615973,71,-16.48,-151.75,80.69,4.09
Puerto Narino,20,CO,1561615973,100,-3.77,-70.38,75.2,0.38
Troyes,0,FR,1561615773,94,48.3,4.07,70.0,5.82
Villeneuve-sur-Lot,0,FR,1561615973,82,44.41,0.7,71.01,5.82
Yuci,0,CN,1561615974,35,37.68,112.73,86.0,8.95
Santa Catalina,87,UY,1561615974,79,-33.79,-57.49,42.01,3.0
Playa del Carmen,5,MX,1561615974,88,20.63,-87.08,82.4,4.7
Leningradskiy,97,RU,1561615974,84,69.38,178.42,34.79,5.93
Victoria,75,BN,1561615974,66,5.28,115.24,89.6,5.82
Hofn,93,IS,1561615975,95,64.25,-15.21,43.79,11.9
Kasongo,8,CD,1561615975,51,-4.43,26.67,79.43,0.69
Antalya,0,TR,1561615862,34,36.9,30.69,93.2,9.17
Otane,0,NZ,1561615975,92,-39.89,176.62,39.0,0.92
San Patricio,0,PY,1561615976,81,-26.98,-56.83,41.63,4.74
Zhezkazgan,75,KZ,1561615976,44,47.8,67.71,78.8,6.71
Ahipara,30,NZ,1561615695,74,-35.17,173.16,57.11,21.09
Santa Barbara,90,US,1561615976,87,34.42,-119.7,62.6,4.7
Whitehorse,90,CA,1561615769,67,60.72,-135.06,59.0,5.82
Larsnes,75,NO,1561615977,81,62.2,5.58,53.01,3.36
La Carolina,35,ES,1561615977,74,38.27,-3.62,70.0,5.01
Besikduzu,75,TR,1561615977,61,41.05,39.23,81.0,5.82
Brazzaville,0,CD,1561615977,93,-4.27,15.27,62.6,3.69
Ixtlahuacan del Rio,90,MX,1561615977,88,20.87,-103.25,64.4,3.36
Kirakira,81,SB,1561615978,81,-10.46,161.92,82.49,8.19
Khorixas,20,NA,1561615978,59,-20.37,14.96,53.15,3.44
Ati,100,TD,1561615978,47,13.21,18.34,84.83,10.78
Cody,1,US,1561615977,71,44.53,-109.06,62.01,3.47
Rexburg,1,US,1561615978,48,43.82,-111.79,66.2,6.93
Tilichiki,100,RU,1561615979,90,60.47,166.1,48.11,8.34
Kletnya,90,RU,1561615979,93,53.39,33.22,62.6,13.42
Tirat Karmel,20,IL,1561615979,65,32.76,34.97,82.4,5.82
Rosarito,40,CO,1561615979,88,4.91,-75.23,71.6,2.24
Hobyo,17,SO,1561615979,49,5.35,48.53,84.47,24.2
Tiksi,6,RU,1561615979,35,71.64,128.87,71.33,12.33
Sangar,0,RU,1561615980,32,63.92,127.47,81.59,1.34
Katsuura,90,JP,1561615980,94,33.93,134.5,78.8,9.17
Lakatoro,100,VU,1561615980,81,-16.11,167.42,80.69,13.78
Mahon,0,IE,1561615980,82,51.89,-8.4,60.01,20.8
Madanapalle,93,IN,1561615980,59,13.56,78.5,81.95,17.67
Grootfontein,0,NA,1561615980,45,-19.56,18.1,48.2,4.7
Flin Flon,28,CA,1561615981,95,54.77,-101.88,49.91,4.59
Marsa Matruh,0,EG,1561615981,78,31.35,27.25,78.8,5.82
Nurota,2,UZ,1561615981,20,40.56,65.69,95.0,4.7
Otuzco,20,PE,1561615981,88,-7.9,-78.57,62.6,6.93
Anito,100,PH,1561615981,87,12.45,125.29,85.73,2.3
Ust-Tsilma,98,RU,1561615862,42,65.44,52.15,62.51,6.51
Ullapool,100,GB,1561615982,94,57.9,-5.16,57.99,1.01
Lavrentiya,100,RU,1561615982,97,65.58,-170.99,46.67,5.06
Kharagpur,76,IN,1561615982,35,22.34,87.3,103.55,11.56
Hualmay,24,PE,1561615982,87,-11.1,-77.61,62.51,10.96
Olinda,20,AU,1561615983,51,-37.84,145.39,64.0,23.04
Dwarka,75,IN,1561615983,33,28.58,77.04,102.2,14.99
Sunrise Manor,1,US,1561615983,9,36.21,-115.07,89.6,17.22
Hovd,75,NO,1561615983,93,63.83,10.7,52.0,17.22
Basmat,75,IN,1561615983,66,19.33,77.16,87.8,4.7
Benghazi,0,LY,1561615984,74,32.12,20.07,78.71,10.09
Lata,0,IN,1561615984,49,30.78,78.62,51.35,9.64
Fare,0,PF,1561615984,73,-16.7,-151.02,80.51,6.8
Wanning,0,AT,1561615984,73,48.64,13.53,79.0,4.7
Masvingo,0,ZW,1561615984,74,-20.08,30.83,54.59,3.47
Labuhan,14,ID,1561615985,44,-2.54,115.51,92.21,2.95
Broome,75,GB,1561615985,82,52.47,1.45,57.99,12.75
Tortoli,5,IT,1561615985,41,39.93,9.66,77.0,8.05
Soledade,75,BR,1561615985,94,-7.06,-36.37,68.0,15.05
Nome,1,US,1561615985,94,30.04,-94.42,82.99,4.32
Sorong,92,ID,1561615986,67,-0.86,131.25,84.47,11.63
Lakes Entrance,33,AU,1561615986,70,-37.88,147.99,57.99,1.99
Lima,90,PE,1561615986,82,-12.06,-77.04,62.6,2.24
Emirdag,0,TR,1561615986,64,39.02,31.15,73.4,5.82
Mezhdurechensk,0,RU,1561615986,33,53.69,88.07,82.13,7.78
Whyalla,0,AU,1561615987,38,-33.04,137.58,73.4,19.46
Mponela,4,MW,1561615987,93,-13.53,33.74,51.8,6.58
Saint-Augustin,40,CA,1561615987,88,45.63,-73.98,69.01,2.24
Tayu,75,JP,1561615987,88,35.06,136.67,78.01,14.99
Preobrazheniye,79,RU,1561615926,80,42.9,133.91,60.53,4.85
Luderitz,0,NA,1561615987,100,-26.65,15.16,46.4,4.7
Aquiraz,75,BR,1561615988,74,-3.9,-38.39,80.6,12.75
Benguela,75,AO,1561615988,88,-12.58,13.4,64.4,3.36
Herat,0,AF,1561615988,11,34.35,62.22,91.4,4.7
Dudinka,0,RU,1561615988,61,69.41,86.18,46.4,13.42
Biograd na Moru,0,HR,1561615988,57,43.94,15.45,80.6,4.38
Pedernales,88,EC,1561615989,87,0.07,-80.05,75.11,14.56
Nelson Bay,40,AU,1561615989,72,-32.72,152.14,64.4,8.05
Vila do Maio,20,CV,1561615989,78,15.13,-23.22,73.4,23.04
Pacifica,75,US,1561615989,77,37.61,-122.49,60.8,16.11
Bowen,75,AU,1561615989,69,-20.01,148.25,75.2,20.8
Port Keats,59,AU,1561615990,30,-14.25,129.55,83.39,10.09
Tumut,0,AU,1561615990,65,-35.3,148.22,54.23,3.83
Bauchi,99,NG,1561615990,79,10.31,9.85,73.13,4.61
Tocopilla,100,CL,1561615990,79,-22.09,-70.2,57.83,2.66
Catuday,93,PH,1561615990,76,16.29,119.81,85.19,19.01
Taitung,75,TW,1561615991,66,22.76,121.15,89.6,6.93
Ambon,0,FR,1561615991,94,47.55,-2.56,75.99,16.11
Mocuba,2,MZ,1561615991,94,-16.84,36.99,62.51,4.68
Alassio,5,IT,1561615991,66,44.0,8.17,87.01,3.06
Alabaster,75,US,1561615803,94,33.24,-86.82,71.01,1.68
Aykhal,40,RU,1561615991,34,65.95,111.51,80.6,6.71
Daigo,75,JP,1561615992,61,36.78,140.36,87.01,4.7
Kiunga,73,PG,1561615992,95,-6.12,141.3,79.07,2.73
Itarema,17,BR,1561615992,98,-2.92,-39.92,71.69,5.55
Behbahan,0,IR,1561615992,27,30.59,50.24,100.4,24.16
Lokoja,100,NG,1561615993,96,7.8,6.74,72.23,1.74
Siculeni,0,RO,1561615993,71,46.44,25.75,68.99,3.74
Nyuksenitsa,16,RU,1561615993,51,60.41,44.24,59.27,6.64
Salym,10,RU,1561615993,45,60.06,71.48,60.35,9.26
Nanyang,94,CN,1561615993,16,33.0,112.53,90.0,1.01
Kasempa,0,ZM,1561615993,67,-13.46,25.83,57.29,9.06
Bafoulabe,43,ML,1561615994,56,13.81,-10.83,83.75,2.8
Khorramshahr,0,IR,1561615994,23,30.43,48.18,98.6,4.7
Antofagasta,90,CL,1561615994,76,-23.65,-70.4,55.4,4.7
Muncar,69,ID,1561615994,62,-8.43,114.34,80.15,7.14
Mizan Teferi,25,ET,1561615995,86,6.99,35.58,70.25,0.18
Kodinsk,0,RU,1561615995,24,58.6,99.18,87.17,7.05
Severo-Kurilsk,100,RU,1561615995,96,50.68,156.12,40.19,15.1
Quatre Cocos,75,MU,1561615995,83,-20.21,57.76,75.99,14.99
Ponta Delgada,20,PT,1561615995,72,37.73,-25.67,62.6,11.41
Severnoye,92,RU,1561615995,59,54.09,52.54,60.17,2.91
Virginia Beach,90,US,1561615996,69,36.85,-75.98,79.0,5.82
Kenai,1,US,1561615996,77,60.55,-151.26,71.01,9.17
Makat,37,KZ,1561615996,31,47.65,53.35,78.71,4.5
Quelimane,20,MZ,1561615996,93,-17.88,36.89,60.8,2.24
Khovu-Aksy,0,RU,1561615997,49,51.13,93.72,70.61,6.02
Pikesville,1,US,1561615997,83,39.37,-76.72,78.01,5.82
Portales,1,US,1561615997,56,34.19,-103.33,73.4,25.28
Liverpool,0,GB,1561615982,82,53.41,-2.98,57.0,3.36
Tambun,20,ID,1561615997,52,-6.26,107.07,93.2,11.41
Kahului,1,US,1561615861,83,20.89,-156.47,75.99,3.36
Aksarka,87,RU,1561615997,47,66.56,67.8,53.69,4.68
Qujing,75,CN,1561615998,69,25.49,103.8,74.93,18.1
Manicore,74,BR,1561615998,97,-5.81,-61.3,71.69,0.45
Aqtobe,0,KZ,1561615724,40,50.28,57.21,68.0,4.47
Fauske,75,NO,1561615998,81,67.26,15.4,48.2,14.99
Scalea,48,IT,1561615998,65,39.82,15.79,75.99,5.61
Forio,0,IT,1561615999,74,40.73,13.86,87.01,2.24
Leh,0,IN,1561615999,46,34.16,77.58,37.31,5.08
Shizunai,100,JP,1561615999,80,42.33,142.37,62.87,9.62
Saint Marys,40,US,1561615999,93,41.43,-78.56,66.2,1.66
Juegang,99,CN,1561615999,82,32.31,121.18,82.0,10.22
Kargil,0,PK,1561616000,27,34.56,76.13,50.63,2.82
Aguimes,20,ES,1561616000,68,27.91,-15.45,69.8,14.99
Camapua,87,BR,1561616000,91,-19.53,-54.04,63.77,4.56
Trofors,75,NO,1561616000,87,65.54,13.39,48.2,2.24
Coahuayana,75,MX,1561616001,91,18.62,-100.35,73.49,2.55
Kensington,90,CA,1561616001,67,46.44,-63.64,57.2,8.05
Kloulklubed,90,PW,1561616001,94,7.04,134.26,77.0,14.99
Nuevo Progreso,90,US,1561615719,88,26.05,-97.95,82.99,9.17
Gravelbourg,30,CA,1561616001,66,49.88,-106.56,60.35,8.7
Antalaha,25,MG,1561616001,79,-14.9,50.28,70.25,5.19
Guerrero Negro,97,MX,1561616002,86,27.97,-114.04,63.05,11.68
Evensk,37,RU,1561616002,47,61.92,159.24,62.51,18.37
Geraldton,75,CA,1561616002,72,49.72,-86.95,62.6,6.93
Iqaluit,20,CA,1561616002,86,63.75,-68.52,41.0,3.36
Prince George,1,CA,1561616002,76,53.92,-122.75,57.2,3.36
Saint-Ambroise,20,CA,1561616003,93,48.56,-71.32,63.0,5.82
Urdoma,33,RU,1561616003,37,61.74,48.55,61.79,4.7
Jimo,0,CN,1561616003,58,36.39,120.46,84.2,11.18
Puerto Escondido,100,MX,1561615931,85,15.86,-97.07,78.17,5.12
Shahrud,59,IR,1561616003,39,36.42,54.97,63.05,4.0
Yumen,98,CN,1561616004,30,40.29,97.04,75.83,17.29
Boende,96,CD,1561616004,98,-0.28,20.88,70.61,6.69
Kumluca,0,TR,1561616004,35,36.37,30.29,76.73,2.17
Viedma,74,AR,1561616004,55,-40.81,-62.99,52.97,24.18
Yeppoon,90,AU,1561616004,56,-23.13,150.74,73.4,18.34
Bo Rai,75,TH,1561615987,74,12.57,102.54,89.01,5.82
Luganville,75,VU,1561616005,100,-15.51,167.18,77.0,1.12
Sibolga,98,ID,1561615756,70,1.74,98.78,83.03,3.51
Ballina,0,IE,1561616005,81,54.11,-9.15,57.0,9.17
Kiama,20,AU,1561616005,59,-34.67,150.86,64.4,8.05
Cortes,100,PH,1561616005,65,9.28,126.19,86.27,4.05
Cidreira,0,BR,1561616006,66,-30.17,-50.22,44.51,2.24
Kingaroy,90,AU,1561615852,63,-26.54,151.84,64.4,14.99
Tiznit,47,MA,1561616006,90,29.7,-9.73,66.65,17.74
Anadyr,90,RU,1561616006,93,64.73,177.51,48.2,15.66
Tuatapere,82,NZ,1561616006,86,-46.13,167.69,51.01,5.01
Olot,0,ES,1561616007,82,42.18,2.49,80.01,0.29
Abu Kamal,0,SY,1561616008,21,34.45,40.92,94.37,13.56
Fernley,1,US,1561616008,23,39.61,-119.25,63.0,10.29
Adre,74,TD,1561616008,54,13.47,22.2,77.81,1.48
Vilcun,90,CL,1561616008,100,-38.65,-72.23,50.0,9.17
Sao Domingos,23,BR,1561616008,60,-13.4,-46.32,65.75,2.75
Abbeville,75,FR,1561616009,87,50.11,1.83,64.0,10.29
Longkou,79,CN,1561616009,68,37.64,120.47,75.65,7.31
Taoudenni,3,ML,1561616009,9,22.68,-3.98,89.69,6.55
Husavik,0,CA,1561616009,74,50.56,-96.99,61.0,5.82
Ust-Nera,92,RU,1561616009,22,64.57,143.24,68.99,12.19
Cockburn Town,83,TC,1561616008,79,21.46,-71.14,81.77,16.58
Ulaanbaatar,40,MN,1561616010,76,47.92,106.92,53.6,13.42
Marawi,100,PH,1561616010,77,8.0,124.29,84.99,1.99
Camacha,40,PT,1561616010,72,33.08,-16.33,66.2,11.41
Barentu,46,ER,1561616010,61,15.11,37.59,80.33,9.19
Orotukan,80,RU,1561616010,46,62.26,151.67,61.43,28.05
Iskateley,97,RU,1561616011,52,67.68,53.15,58.55,7.2
Pahrump,1,US,1561616011,14,36.21,-115.98,84.99,8.05
Banjar,82,ID,1561616011,66,-7.37,108.54,80.51,7.18
Irituia,100,BR,1561616011,97,-1.77,-47.44,70.97,3.18
Eureka,1,US,1561615713,93,40.8,-124.16,57.0,9.24
Aklavik,75,CA,1561616012,61,68.22,-135.01,46.4,6.93
Yining,53,CN,1561616012,49,29.04,114.56,92.75,2.57
Port Lincoln,50,AU,1561616012,64,-34.72,135.86,64.13,22.46
Hammerfest,75,NO,1561616012,81,70.66,23.68,44.6,28.86
Balikpapan,40,ID,1561616012,60,-1.24,116.86,85.73,5.17
Dukat,1,AL,1561616013,57,40.25,19.57,79.0,1.01
Sao Felix do Xingu,31,BR,1561616013,84,-6.64,-51.99,68.63,2.13
Ostrovnoy,100,RU,1561616013,74,68.05,39.51,54.23,12.41
Aasiaat,0,GL,1561616013,80,68.71,-52.87,37.85,7.54
Surgut,75,RU,1561616013,66,61.25,73.4,53.6,13.42
Jalingo,100,NG,1561616014,87,10.3,10.93,73.67,9.66
Beyneu,0,KZ,1561616014,26,45.32,55.19,85.01,3.29
Diffa,56,NE,1561616014,52,13.32,12.61,83.93,13.89
Sola,100,TZ,1561616014,66,-3.17,33.8,68.45,3.8
Clinton,75,US,1561616015,88,41.28,-72.53,71.6,4.68
Kawambwa,8,ZM,1561616015,63,-9.8,29.07,59.63,10.65
Ulladulla,20,AU,1561616015,59,-35.36,150.48,64.4,8.05
Marzuq,92,YE,1561616015,14,14.4,46.47,90.59,7.81
Ishigaki,75,JP,1561616015,94,24.34,124.16,82.4,18.34
